Joe001,Smith001,Joe001@smith.com,secret
Joe002,Smith002,Joe002@smith.com,secret
Joe003,Smith003,Joe003@smith.com,secret
Joe004,Smith004,Joe004@smith.com,secret
Joe005,Smith005,Joe005@smith.com,secret
Joe006,Smith006,Joe006@smith.com,secret
Joe007,Smith007,Joe007@smith.com,secret
Joe008,Smith008,Joe008@smith.com,secret
Joe009,Smith009,Joe009@smith.com,secret
Joe010,Smith010,Joe010@smith.com,secret
Joe011,Smith011,Joe011@smith.com,secret
Joe012,Smith012,Joe012@smith.com,secret
Joe013,Smith013,Joe013@smith.com,secret
Joe014,Smith014,Joe014@smith.com,secret
Joe015,Smith015,Joe015@smith.com,secret
Joe016,Smith016,Joe016@smith.com,secret
Joe017,Smith017,Joe017@smith.com,secret
Joe018,Smith018,Joe018@smith.com,secret
Joe019,Smith019,Joe019@smith.com,secret
Joe020,Smith020,Joe020@smith.com,secret
Joe021,Smith021,Joe021@smith.com,secret
Joe022,Smith022,Joe022@smith.com,secret
Joe023,Smith023,Joe023@smith.com,secret
Joe024,Smith024,Joe024@smith.com,secret
Joe025,Smith025,Joe025@smith.com,secret
Joe026,Smith026,Joe026@smith.com,secret
Joe027,Smith027,Joe027@smith.com,secret
Joe028,Smith028,Joe028@smith.com,secret
Joe029,Smith029,Joe029@smith.com,secret
Joe030,Smith030,Joe030@smith.com,secret
Joe031,Smith031,Joe031@smith.com,secret
Joe032,Smith032,Joe032@smith.com,secret
Joe033,Smith033,Joe033@smith.com,secret
Joe034,Smith034,Joe034@smith.com,secret
Joe035,Smith035,Joe035@smith.com,secret
Joe036,Smith036,Joe036@smith.com,secret
Joe037,Smith037,Joe037@smith.com,secret
Joe038,Smith038,Joe038@smith.com,secret
Joe039,Smith039,Joe039@smith.com,secret
Joe040,Smith040,Joe040@smith.com,secret
Joe041,Smith041,Joe041@smith.com,secret
Joe042,Smith042,Joe042@smith.com,secret
Joe043,Smith043,Joe043@smith.com,secret
Joe044,Smith044,Joe044@smith.com,secret
Joe045,Smith045,Joe045@smith.com,secret
Joe046,Smith046,Joe046@smith.com,secret
Joe047,Smith047,Joe047@smith.com,secret
Joe048,Smith048,Joe048@smith.com,secret
Joe049,Smith049,Joe049@smith.com,secret
Joe050,Smith050,Joe050@smith.com,secret
Joe051,Smith051,Joe051@smith.com,secret
Joe052,Smith052,Joe052@smith.com,secret
Joe053,Smith053,Joe053@smith.com,secret
Joe054,Smith054,Joe054@smith.com,secret
Joe055,Smith055,Joe055@smith.com,secret
Joe056,Smith056,Joe056@smith.com,secret
Joe057,Smith057,Joe057@smith.com,secret
Joe058,Smith058,Joe058@smith.com,secret
Joe059,Smith059,Joe059@smith.com,secret
Joe060,Smith060,Joe060@smith.com,secret
Joe061,Smith061,Joe061@smith.com,secret
Joe062,Smith062,Joe062@smith.com,secret
Joe063,Smith063,Joe063@smith.com,secret
Joe064,Smith064,Joe064@smith.com,secret
Joe065,Smith065,Joe065@smith.com,secret
Joe066,Smith066,Joe066@smith.com,secret
Joe067,Smith067,Joe067@smith.com,secret
Joe068,Smith068,Joe068@smith.com,secret
Joe069,Smith069,Joe069@smith.com,secret
Joe070,Smith070,Joe070@smith.com,secret
Joe071,Smith071,Joe071@smith.com,secret
Joe072,Smith072,Joe072@smith.com,secret
Joe073,Smith073,Joe073@smith.com,secret
Joe074,Smith074,Joe074@smith.com,secret
Joe075,Smith075,Joe075@smith.com,secret
Joe076,Smith076,Joe076@smith.com,secret
Joe077,Smith077,Joe077@smith.com,secret
Joe078,Smith078,Joe078@smith.com,secret
Joe079,Smith079,Joe079@smith.com,secret
Joe080,Smith080,Joe080@smith.com,secret
Joe081,Smith081,Joe081@smith.com,secret
Joe082,Smith082,Joe082@smith.com,secret
Joe083,Smith083,Joe083@smith.com,secret
Joe084,Smith084,Joe084@smith.com,secret
Joe085,Smith085,Joe085@smith.com,secret
Joe086,Smith086,Joe086@smith.com,secret
Joe087,Smith087,Joe087@smith.com,secret
Joe088,Smith088,Joe088@smith.com,secret
Joe089,Smith089,Joe089@smith.com,secret
Joe090,Smith090,Joe090@smith.com,secret
Joe091,Smith091,Joe091@smith.com,secret
Joe092,Smith092,Joe092@smith.com,secret
Joe093,Smith093,Joe093@smith.com,secret
Joe094,Smith094,Joe094@smith.com,secret
Joe095,Smith095,Joe095@smith.com,secret
Joe096,Smith096,Joe096@smith.com,secret
Joe097,Smith097,Joe097@smith.com,secret
Joe098,Smith098,Joe098@smith.com,secret
Joe099,Smith099,Joe099@smith.com,secret